Domain,Status,Attractiveness,Demand,Length,Sectors,Created,Expires,Registrar
brief.gmbh,expiring,124,19%,5,"Business,Education,General,Law",18/08/2016 13:14,18/08/2025 13:14,IONOS SE
complete.gmbh,available,120,21%,8,"Manufacturing,Retail,Technology",,,
second.gmbh,available,120,23%,6,"General,Mathematics",,,
flat.gmbh,available,116,24%,4,"Construction,Real Estate",,,
tenth.gmbh,available,116,7%,5,Mathematics,,,
equal.gmbh,available,116,19%,5,"Education,General,Law",,,
acute.gmbh,available,112,9%,5,"Mathematics,Medicine,Science",,,
above.gmbh,available,112,22%,5,Business,,,
hotshot.gmbh,available,112,14%,7,"Business,Entertainment,Sports",,,
abstract.gmbh,available,108,29%,8,"Arts,Humanities,Science",,,
abiding.gmbh,available,106,5%,7,"General,Religion",,,
teen.gmbh,available,104,14%,4,"Education,Entertainment,Healthcare",,,
absent.gmbh,available,102,8%,6,"Business,Education,Technology",,,
captive.gmbh,available,102,14%,7,"Entertainment,Hospitality,Technology",,,
extra.gmbh,available,102,26%,5,"Fashion,Retail,Technology",,,
sixth.gmbh,available,100,8%,5,Mathematics,,,
whiz.gmbh,available,100,12%,4,"Business,Education,Technology",,,
remove.gmbh,available,100,13%,6,"Construction,Manufacturing,Technology",,,
eighth.gmbh,available,100,6%,6,Mathematics,,,
third.gmbh,available,100,16%,5,Mathematics,,,
abrupt.gmbh,available,100,3%,6,"Medicine,Science",,,
crack.gmbh,available,100,20%,5,Sports,,,
ninth.gmbh,available,100,9%,5,Mathematics,,,
adjunct.gmbh,available,100,5%,7,Education,,,
whizz.gmbh,available,98,11%,5,"Business,Education,Technology",,,
actual.gmbh,available,96,22%,6,"Real Estate,Retail,Technology",,,
academic.gmbh,available,96,20%,8,"Education,Humanities,Science",,,
forgiving.gmbh,available,96,3%,9,"Healthcare,Religion",,,
doable.gmbh,available,96,9%,6,"Business,Education,Technology",,,
alamode.gmbh,available,96,12%,9,Fashion,,,
virtuoso.gmbh,available,94,16%,8,"Arts,Entertainment",,,
around.gmbh,available,94,22%,6,"Business,General,Media,Technology",,,
adequate.gmbh,available,94,9%,8,"Education,Healthcare,Technology",,,
abject.gmbh,available,94,7%,6,Humanities,,,
about.gmbh,available,94,28%,5,"Business,General,Media,Technology",,,
next.gmbh,available,92,43%,4,"Retail,Technology,Transportation",,,
nought.gmbh,available,92,4%,6,Mathematics,,,
derelict.gmbh,available,92,7%,8,"Construction,Real Estate",,,
twentieth.gmbh,available,92,3%,9,Mathematics,,,
adjective.gmbh,available,92,5%,9,Education,,,
abroad.gmbh,available,92,12%,6,"Hospitality,Travel",,,
neutral.gmbh,available,92,20%,7,"Business,Media,Politics",,,
adept.gmbh,available,92,24%,5,"Education,Health and Fitness,Sports",,,
exemplary.gmbh,available,92,5%,9,"Business,Education,Healthcare",,,
adoring.gmbh,available,90,2%,7,"Entertainment,Fashion,Retail",,,
riveting.gmbh,available,90,6%,8,"Entertainment,Media,Technology",,,
abortive.gmbh,available,90,1%,8,"Medicine,Science",,,
endearing.gmbh,available,90,1%,9,"Entertainment,Fashion,Retail",,,
addictive.gmbh,available,90,9%,9,Healthcare,,,
leash.gmbh,available,90,7%,5,"General,Health and Fitness,Retail",,,
gripping.gmbh,available,90,3%,8,"Entertainment,Media,Technology",,,
additional.gmbh,available,90,8%,10,"Fashion,Retail,Technology",,,
sixteen.gmbh,available,88,11%,7,Mathematics,,,
fifteen.gmbh,available,88,13%,7,Mathematics,,,
actionable.gmbh,available,88,13%,10,"Business,Law",,,
ace.gmbh,available,88,34%,3,Sports,,,
twelve.gmbh,available,88,18%,6,"General,Mathematics",,,
adlib.gmbh,available,88,7%,6,Entertainment,,,
wide.gmbh,available,88,18%,4,"Business,Media,Technology",,,
hundred.gmbh,available,88,14%,7,Mathematics,,,
ten.gmbh,available,88,28%,3,"General,Mathematics",,,
eleven.gmbh,expiring,88,33%,6,Mathematics,24/08/2021 09:55,24/08/2025 09:55,"Key-Systems, LLC"
proficient.gmbh,available,88,8%,10,"Education,Health and Fitness,Sports",,,
three.gmbh,available,88,24%,5,Mathematics,,,
activist.gmbh,available,88,12%,8,"Humanities,Politics",,,
intent.gmbh,available,86,25%,6,"Business,Education,Technology",,,
adolescent.gmbh,available,86,3%,10,"Education,Entertainment,Healthcare",,,
extempore.gmbh,available,86,3%,9,Entertainment,,,
aboriginal.gmbh,available,86,10%,10,Humanities,,,
attendant.gmbh,available,86,5%,9,"Healthcare,Hospitality,Transportation",,,
engrossing.gmbh,available,86,0%,10,"Entertainment,Media,Technology",,,
xiv.gmbh,available,86,12%,3,Mathematics,,,
recondite.gmbh,available,86,4%,9,"Arts,Humanities,Science",,,
xix.gmbh,available,86,11%,3,Mathematics,,,
cipher.gmbh,available,86,29%,6,Mathematics,,,
nineteen.gmbh,available,84,8%,8,Mathematics,,,
fourteen.gmbh,available,84,8%,8,Mathematics,,,
twentyone.gmbh,available,84,13%,10,Mathematics,,,
sharp.gmbh,available,84,34%,5,"Arts,Fashion",,,
deviate.gmbh,available,84,12%,7,"Medicine,Science",,,
acting.gmbh,available,84,12%,6,Entertainment,,,
seventeen.gmbh,available,84,7%,9,Mathematics,,,
thousand.gmbh,available,84,8%,8,Mathematics,,,
accessory.gmbh,available,84,8%,9,"Fashion,Retail,Technology",,,
grand.gmbh,expiring,84,25%,5,"Finance,General",31/08/2021 15:24,31/08/2025 15:24,Mesh Digital Limited
thirteen.gmbh,available,84,10%,8,Mathematics,,,
twentytwo.gmbh,available,84,11%,10,Mathematics,,,
adjustable.gmbh,available,84,3%,10,"Manufacturing,Retail,Technology",,,
abdominal.gmbh,available,82,1%,9,"Health and Fitness,Medicine",,,
absorbent.gmbh,available,82,3%,9,"Healthcare,Manufacturing,Retail",,,
decade.gmbh,available,82,10%,6,Mathematics,,,
abenaki.gmbh,available,82,2%,7,Geography,,,
enduring.gmbh,available,82,9%,8,"Health and Fitness,Religion",,,
cleansing.gmbh,available,82,3%,9,Health and Fitness,,,
abkhaz.gmbh,available,82,1%,6,Geography,,,
abroach.gmbh,available,82,1%,7,Food and Beverage,,,
dozen.gmbh,available,82,10%,5,Mathematics,,,
fivesome.gmbh,available,82,1%,8,Sports,,,
altered.gmbh,available,82,9%,7,"Medicine,Science",,,
impromptu.gmbh,available,82,16%,9,Entertainment,,,
sequent.gmbh,available,80,7%,7,"Healthcare,Insurance,Transportation",,,
able.gmbh,available,80,29%,4,"Business,Education,General,Technology",,,
two.gmbh,available,80,24%,3,Mathematics,,,
absurd.gmbh,available,80,16%,6,"Arts,Entertainment,Media",,,
yard.gmbh,available,80,26%,4,"Construction,General",,,
first.gmbh,available,80,36%,5,"General,Mathematics",,,
seventh.gmbh,available,80,10%,7,Mathematics,,,
forty.gmbh,available,80,9%,5,Mathematics,,,
worshipful.gmbh,available,80,1%,10,"Education,Healthcare,Religion",,,
absorbable.gmbh,available,80,0%,10,"Healthcare,Pharmaceuticals,Science",,,
superstar.gmbh,available,80,18%,9,Entertainment,,,
adoptable.gmbh,available,80,3%,9,"Education,Healthcare",,,
dorsal.gmbh,available,80,6%,6,"Medicine,Science",,,
abundant.gmbh,available,80,19%,8,"Agriculture,Manufacturing,Retail",,,
capable.gmbh,available,80,12%,7,"Business,Education,Technology",,,
trio.gmbh,available,80,21%,4,Entertainment,,,
twenty.gmbh,available,80,12%,6,Mathematics,,,
adjacent.gmbh,available,78,9%,8,"Construction,Real Estate,Retail",,,
acceptable.gmbh,available,78,5%,10,"Business,Hospitality,Retail",,,
low.gmbh,available,78,20%,3,"Business,Finance",,,
abounding.gmbh,available,78,2%,9,Agriculture,,,
dormant.gmbh,available,78,4%,7,"Medicine,Science",,,
adorable.gmbh,available,78,8%,8,"Entertainment,Fashion,Retail",,,
abkhasian.gmbh,available,78,1%,9,Geography,,,
accepted.gmbh,available,78,6%,8,"Business,Education,Technology",,,
abkhazian.gmbh,available,78,1%,9,Geography,,,
acceptant.gmbh,available,78,1%,9,"Education,Healthcare",,,
recognised.gmbh,available,78,3%,10,"Business,Education,Technology",,,
accessible.gmbh,available,78,21%,10,"Healthcare,Retail,Technology",,,
accidental.gmbh,available,78,11%,10,"Healthcare,Insurance,Transportation",,,
absorptive.gmbh,available,78,1%,10,"Healthcare,Manufacturing,Retail",,,
honestly.gmbh,available,78,9%,8,"Business,Law",,,
recognized.gmbh,available,78,3%,10,"Business,Education,Technology",,,
adrenal.gmbh,available,78,4%,7,"Education,Healthcare,Science",,,
twentysix.gmbh,available,78,8%,10,Mathematics,,,
athletic.gmbh,available,78,15%,8,"Health and Fitness,Sports",,,
nineteenth.gmbh,available,76,3%,10,Mathematics,,,
energizing.gmbh,available,76,3%,10,"Food and Beverage,Health and Fitness,Travel",,,
adaptable.gmbh,available,76,9%,9,"Business,Education,Technology",,,
improvise.gmbh,available,76,4%,9,Entertainment,,,
adaptive.gmbh,available,76,28%,8,"Business,Education,Technology",,,
ventral.gmbh,available,76,3%,7,Science,,,
hundredth.gmbh,available,76,1%,9,Mathematics,,,
resultant.gmbh,available,76,2%,9,"Healthcare,Insurance,Transportation",,,
addable.gmbh,available,76,2%,7,"Engineering,Mathematics,Science",,,
diamond.gmbh,resell,76,32%,7,Fashion,01/07/2016 11:14,01/07/2026 11:14,GoDaddy Online Services Cayman Islands Ltd.
fourteenth.gmbh,available,76,1%,10,Mathematics,,,
adherent.gmbh,available,76,4%,8,"Politics,Religion",,,
ague.gmbh,available,76,2%,4,"Geography,Medicine,Science",,,
thousandth.gmbh,available,76,1%,10,Mathematics,,,
fifteenth.gmbh,available,76,2%,9,Mathematics,,,
ancillary.gmbh,available,76,6%,9,"Healthcare,Manufacturing,Technology",,,
acoustic.gmbh,available,76,14%,8,Science,,,
thirteenth.gmbh,available,76,4%,10,Mathematics,,,
abrasive.gmbh,available,76,6%,8,"Construction,Manufacturing",,,
incidental.gmbh,available,76,4%,10,"Healthcare,Insurance,Transportation",,,
adhesive.gmbh,available,76,7%,8,"Construction,Manufacturing,Technology",,,
auxiliary.gmbh,available,76,7%,9,"Healthcare,Manufacturing,Technology",,,
obscene.gmbh,available,76,5%,7,"Entertainment,Media",,,
eighteen.gmbh,available,76,7%,8,Mathematics,,,
threed.gmbh,available,76,7%,7,Technology,,,
firstrate.gmbh,available,76,6%,10,Business,,,
adipose.gmbh,available,76,2%,7,"Healthcare,Science",,,
admirable.gmbh,available,74,5%,9,"Business,Education,Healthcare",,,
activated.gmbh,available,74,9%,9,"Healthcare,Manufacturing,Technology",,,
playing.gmbh,available,74,12%,7,Entertainment,,,
realizable.gmbh,available,74,1%,10,"Business,Education,Technology",,,
manageable.gmbh,available,74,4%,10,"Business,Education,Technology",,,
abnormal.gmbh,available,74,16%,8,"Medicine,Science",,,
mavin.gmbh,available,74,7%,5,"Entertainment,Fashion,Technology",,,
cleared.gmbh,available,74,7%,7,"Healthcare,Law,Transportation",,,
skilful.gmbh,available,74,3%,7,"Education,Health and Fitness,Sports",,,
adapted.gmbh,available,74,6%,7,"Healthcare,Manufacturing,Technology",,,
sensation.gmbh,available,74,7%,9,"Entertainment,Media,Sports",,,
achievable.gmbh,available,74,4%,10,"Business,Education,Technology",,,
single.gmbh,available,74,19%,6,Sports,,,
adrenergic.gmbh,available,74,1%,10,"Education,Healthcare,Science",,,
aberrant.gmbh,available,74,6%,8,"Medicine,Science",,,
acuate.gmbh,available,74,2%,6,"Engineering,Medicine,Science",,,
supra.gmbh,available,74,25%,5,"Medicine,Science",,,
broad.gmbh,available,74,13%,5,"Entertainment,General,Media",,,
adamant.gmbh,available,74,14%,7,Religion,,,
adenoid.gmbh,available,74,1%,7,"Health and Fitness,Medicine,Science",,,
accepting.gmbh,available,74,3%,9,"Education,Healthcare",,,
lovely.gmbh,available,72,26%,6,"Entertainment,Fashion,Retail",,,
abloom.gmbh,available,72,5%,6,Agriculture,,,
accusative.gmbh,available,72,0%,10,"Humanities,Law",,,
adonic.gmbh,available,72,2%,6,"Arts,Education,Entertainment",,,
absolutist.gmbh,available,72,1%,10,"Humanities,Law,Politics",,,
eightieth.gmbh,available,72,1%,9,Mathematics,,,
addicted.gmbh,available,72,9%,8,Healthcare,,,
ablaze.gmbh,available,72,6%,6,Entertainment,,,
ninetieth.gmbh,available,72,1%,9,Mathematics,,,
absorbed.gmbh,available,72,2%,8,"Entertainment,Media,Technology",,,
adjectival.gmbh,available,72,1%,10,Education,,,
champion.gmbh,available,72,28%,8,"Entertainment,Health and Fitness,Sports",,,
existent.gmbh,available,72,3%,8,"Mathematics,Science",,,
trinity.gmbh,available,72,18%,7,Religion,,,
adiabatic.gmbh,available,72,3%,9,"Engineering,Science",,,
aching.gmbh,available,72,4%,6,Healthcare,,,
sixtieth.gmbh,available,72,1%,8,Mathematics,,,
deep.gmbh,available,72,41%,4,"Engineering,Mathematics,Science",,,
engrossed.gmbh,available,72,1%,9,"Entertainment,Media,Technology",,,
adaptative.gmbh,available,72,1%,10,"Business,Education,Technology",,,
adjunctive.gmbh,available,72,1%,10,"Healthcare,Manufacturing,Technology",,,
liv.gmbh,available,72,27%,3,Mathematics,,,
abreast.gmbh,available,72,2%,7,"Business,Technology",,,
improvize.gmbh,available,72,1%,9,Entertainment,,,
seventieth.gmbh,available,72,1%,10,Mathematics,,,
trey.gmbh,available,72,14%,4,Sports,,,
ternary.gmbh,available,72,7%,7,Mathematics,,,
accustomed.gmbh,available,72,1%,10,"Business,Education,Humanities",,,
adamantine.gmbh,available,70,4%,10,Religion,,,
offhand.gmbh,available,70,2%,7,Entertainment,,,
practiced.gmbh,available,70,3%,9,"Education,Health and Fitness,Sports",,,
recumbent.gmbh,available,70,2%,9,"Healthcare,Medicine,Science",,,
adored.gmbh,available,70,6%,6,"Entertainment,Fashion,Retail",,,
adjusted.gmbh,available,70,5%,8,"Manufacturing,Retail,Technology",,,
admired.gmbh,available,70,5%,7,"Business,Education,Healthcare",,,
stillborn.gmbh,available,70,2%,9,"Medicine,Science",,,
absorbing.gmbh,available,70,3%,9,"Entertainment,Media,Technology",,,
acuminate.gmbh,available,70,1%,9,"Engineering,Medicine,Science",,,
gymnastic.gmbh,available,70,3%,9,"Entertainment,Sports",,,
abradant.gmbh,available,70,1%,8,"Construction,Manufacturing",,,
lowdown.gmbh,available,70,6%,8,"Entertainment,Media",,,
abulic.gmbh,available,70,1%,6,Medicine,,,
unity.gmbh,available,70,40%,5,Mathematics,,,
consequent.gmbh,available,70,3%,10,"Business,Education,General,Technology",,,
miserable.gmbh,available,70,4%,9,Humanities,,,
accumbent.gmbh,available,70,1%,9,"Healthcare,Medicine,Science",,,
skillful.gmbh,available,70,9%,8,"Education,Health and Fitness,Sports",,,
achaean.gmbh,available,68,2%,7,Humanities,,,
aberdonian.gmbh,available,68,1%,10,Geography,,,
aroused.gmbh,available,68,3%,7,"Entertainment,Health and Fitness",,,
threesome.gmbh,available,68,5%,9,Entertainment,,,
licenced.gmbh,available,68,2%,8,"Business,Healthcare,Insurance",,,
octonary.gmbh,available,68,1%,8,Mathematics,,,
disciple.gmbh,available,68,14%,8,"Education,Religion",,,
thirtieth.gmbh,available,68,1%,9,Mathematics,,,
abducent.gmbh,available,68,0%,8,Medicine,,,
achaian.gmbh,available,68,2%,7,Humanities,,,
fortieth.gmbh,available,68,0%,8,Mathematics,,,
accredited.gmbh,available,68,9%,10,"Business,Education,Healthcare",,,
licensed.gmbh,available,68,5%,8,"Business,Healthcare,Insurance",,,
ablative.gmbh,available,68,3%,8,Science,,,
abkhas.gmbh,available,68,0%,6,Geography,,,
ennead.gmbh,available,68,5%,6,Mathematics,,,
ane.gmbh,available,68,12%,3,Mathematics,,,
decorated.gmbh,available,68,3%,9,"Entertainment,Fashion,Retail",,,
stygian.gmbh,available,68,5%,7,Humanities,,,
scurvy.gmbh,available,68,3%,6,Humanities,,,
septenary.gmbh,available,68,1%,9,Mathematics,,,
sevener.gmbh,available,68,1%,7,Mathematics,,,
abnaki.gmbh,available,68,1%,6,Geography,,,
activating.gmbh,available,68,3%,10,"Healthcare,Manufacturing,Technology",,,
foursome.gmbh,available,68,4%,8,Sports,,,
fiftieth.gmbh,available,68,0%,8,Mathematics,,,
acerate.gmbh,available,68,1%,7,Science,,,
vindicated.gmbh,available,68,2%,10,"Humanities,Law,Politics",,,
overseas.gmbh,available,68,12%,8,"Hospitality,Travel",,,
aculeate.gmbh,available,68,1%,8,"Engineering,Medicine,Science",,,
according.gmbh,available,66,3%,9,"Business,Education,Technology",,,
xiii.gmbh,available,66,9%,4,Mathematics,,,
buzzing.gmbh,available,66,7%,7,"Entertainment,Media,Technology",,,
acappella.gmbh,available,66,6%,10,Entertainment,,,
accessary.gmbh,available,66,1%,9,"Business,Law,Technology",,,
xxi.gmbh,available,66,10%,3,Mathematics,,,
performing.gmbh,available,66,6%,10,Entertainment,,,
deuce.gmbh,available,66,9%,5,Sports,,,
adopted.gmbh,available,66,4%,7,"Education,Healthcare",,,
abstinent.gmbh,available,66,1%,9,"Health and Fitness,Religion",,,
teenager.gmbh,available,66,4%,8,"Education,Entertainment,Healthcare",,,
exonerated.gmbh,available,66,2%,10,"Humanities,Law,Politics",,,
latest.gmbh,available,66,18%,6,Technology,,,
modish.gmbh,available,66,5%,6,Fashion,,,
thirty.gmbh,available,66,8%,6,Mathematics,,,
five.gmbh,available,66,26%,4,Mathematics,,,
xxv.gmbh,available,66,6%,3,Mathematics,,,
fifty.gmbh,available,66,12%,5,Mathematics,,,
six.gmbh,available,66,26%,3,Mathematics,,,
onec.gmbh,available,66,6%,5,Mathematics,,,
four.gmbh,available,66,27%,4,Mathematics,,,
clv.gmbh,available,66,10%,3,Mathematics,,,
maven.gmbh,available,66,30%,5,"Entertainment,Fashion,Technology",,,
century.gmbh,available,66,17%,7,Education,,,
adorned.gmbh,available,66,5%,7,"Entertainment,Fashion,Retail",,,
xxii.gmbh,available,66,6%,4,Mathematics,,,
acervate.gmbh,available,66,1%,8,Science,,,
tenner.gmbh,available,66,5%,6,Finance,,,
xvii.gmbh,available,66,5%,4,Mathematics,,,
ninety.gmbh,available,66,11%,6,Mathematics,,,
xvi.gmbh,available,66,5%,3,Mathematics,,,
eighty.gmbh,available,66,6%,6,Mathematics,,,
xxvi.gmbh,available,66,3%,4,Mathematics,,,
xii.gmbh,available,66,10%,3,Mathematics,,,
sextet.gmbh,available,66,1%,6,Entertainment,,,
acrobatic.gmbh,available,66,4%,9,"Entertainment,Sports",,,
xviii.gmbh,available,66,5%,5,Mathematics,,,
deviant.gmbh,available,64,12%,7,"Medicine,Science",,,
aflame.gmbh,available,64,3%,6,Entertainment,,,
accordant.gmbh,available,64,3%,9,"Arts,Entertainment",,,
astringent.gmbh,available,64,1%,10,"Healthcare,Pharmaceuticals",,,
absolved.gmbh,available,64,1%,8,"Humanities,Law,Religion",,,
rising.gmbh,available,64,18%,6,"Construction,Manufacturing,Real Estate",,,
acentric.gmbh,available,64,2%,8,Science,,,
scatty.gmbh,available,64,1%,6,"Arts,Entertainment,Media",,,
nondrinker.gmbh,available,64,1%,10,"Health and Fitness,Religion",,,
adagio.gmbh,available,64,14%,6,Entertainment,,,
orso.gmbh,available,62,9%,5,"Business,Media,Technology",,,
pungent.gmbh,available,62,1%,7,Food and Beverage,,,
exculpated.gmbh,available,62,1%,10,"Humanities,Law,Politics",,,
acidic.gmbh,available,62,5%,6,"Food and Beverage,Science",,,
longdozen.gmbh,available,62,2%,10,Mathematics,,,
admissible.gmbh,available,62,1%,10,"Education,Healthcare,Law",,,
twodozen.gmbh,available,62,1%,9,Mathematics,,,
sixteenth.gmbh,available,62,1%,9,Mathematics,,,
wrapped.gmbh,available,62,13%,7,"Fashion,Hospitality,Retail",,,
eighteenth.gmbh,available,62,1%,10,Mathematics,,,
nail.gmbh,available,62,16%,4,"Construction,Fashion,General,Retail",,,
chiliad.gmbh,available,62,2%,7,Mathematics,,,
troika.gmbh,available,62,8%,6,Politics,,,
adjuvant.gmbh,available,62,5%,8,"Healthcare,Manufacturing,Technology",,,
activistic.gmbh,available,62,1%,10,"Humanities,Politics",,,
accusing.gmbh,available,62,1%,8,Law,,,
playacting.gmbh,available,62,1%,10,Entertainment,,,
roughly.gmbh,available,62,3%,7,"Business,Media,Technology",,,
fortyfour.gmbh,available,62,6%,10,Mathematics,,,
aufait.gmbh,available,62,3%,7,"Fashion,Media",,,
eleventh.gmbh,available,62,5%,8,Mathematics,,,
aborigine.gmbh,available,62,1%,9,Humanities,,,
ensuant.gmbh,available,62,1%,7,"Healthcare,Insurance,Transportation",,,
accrued.gmbh,available,62,2%,7,"Banking,Finance,Insurance",,,
adoptive.gmbh,available,62,1%,8,"Education,Healthcare",,,
cumulative.gmbh,available,62,2%,10,"Banking,Finance,Insurance",,,
quartet.gmbh,available,62,7%,7,"Arts,Entertainment",,,
eightysix.gmbh,available,60,7%,10,Mathematics,,,
idolised.gmbh,available,60,1%,8,"Entertainment,Fashion,Retail",,,
sixty.gmbh,available,60,13%,5,Mathematics,,,
adnexal.gmbh,available,60,1%,7,"Agriculture,Manufacturing,Retail",,,
cxl.gmbh,available,60,7%,3,Mathematics,,,
cxlv.gmbh,available,60,2%,4,Mathematics,,,
thou.gmbh,available,60,7%,4,Mathematics,,,
clxxv.gmbh,available,60,1%,5,Mathematics,,,
clxx.gmbh,available,60,3%,4,Mathematics,,,
cxv.gmbh,available,60,4%,3,Mathematics,,,
annexal.gmbh,available,60,1%,7,"Agriculture,Manufacturing,Retail",,,
clx.gmbh,available,60,10%,3,Mathematics,,,
cautionary.gmbh,available,60,1%,10,"Business,Education,Healthcare",,,
adnate.gmbh,available,60,1%,6,"Agriculture,Manufacturing,Retail",,,
abashed.gmbh,available,60,1%,7,Humanities,,,
clxxx.gmbh,available,60,1%,5,Mathematics,,,
paunchy.gmbh,available,60,0%,7,"Health and Fitness,Medicine",,,
cxxx.gmbh,available,60,4%,4,Mathematics,,,
abstainer.gmbh,available,60,0%,9,"Health and Fitness,Religion",,,
tertiary.gmbh,available,60,4%,8,Education,,,
abstemious.gmbh,available,60,0%,10,"Food and Beverage,Health and Fitness,Hospitality",,,
idolized.gmbh,available,60,3%,8,"Entertainment,Fashion,Retail",,,
cxxxv.gmbh,available,60,2%,5,Mathematics,,,
octet.gmbh,available,60,12%,5,Arts,,,
xcl.gmbh,available,60,5%,3,Mathematics,,,
cxxv.gmbh,available,60,1%,4,Mathematics,,,
aboveboard.gmbh,available,60,5%,10,"Business,Law",,,
clxv.gmbh,available,60,1%,4,Mathematics,,,
acceptive.gmbh,available,60,1%,9,"Education,Healthcare",,,
tercet.gmbh,available,59,2%,6,"Arts,Entertainment,Media",,,
heptad.gmbh,available,58,1%,6,Mathematics,,,
seventy.gmbh,available,58,7%,7,Mathematics,,,
abused.gmbh,available,58,5%,6,"Healthcare,Law",,,
aucourant.gmbh,available,58,3%,10,"Fashion,Media",,,
offhanded.gmbh,available,58,1%,9,Entertainment,,,
addible.gmbh,available,58,2%,7,"Engineering,Mathematics,Science",,,
cypher.gmbh,available,58,29%,6,Mathematics,,,
twelfth.gmbh,available,58,2%,7,Mathematics,,,
quintet.gmbh,available,58,8%,7,"Arts,Entertainment",,,
accented.gmbh,available,58,3%,8,"Arts,Entertainment",,,
fifth.gmbh,available,58,12%,5,Mathematics,,,
acetic.gmbh,available,58,1%,6,"Food and Beverage,Science",,,
addressed.gmbh,available,58,3%,9,"Business,Technology,Telecommunications",,,
adient.gmbh,available,58,4%,6,"Medicine,Science",,,
sixer.gmbh,available,58,5%,5,Sports,,,
ache.gmbh,available,58,7%,4,Healthcare,,,
actuarial.gmbh,available,58,8%,9,"Finance,Insurance,Mathematics",,,
fourscore.gmbh,available,58,4%,9,Mathematics,,,
eighter.gmbh,available,58,2%,7,Mathematics,,,
enwrapped.gmbh,available,58,0%,9,"Entertainment,Fashion,Media",,,
accretive.gmbh,available,58,6%,9,"Banking,Finance,Insurance",,,
closeto.gmbh,available,58,3%,8,"Business,Media,Technology",,,
lxxx.gmbh,available,58,2%,4,Mathematics,,,
abuzz.gmbh,available,58,5%,5,"Entertainment,Media,Technology",,,
hexad.gmbh,available,58,4%,5,Mathematics,,,
sextuplet.gmbh,available,58,1%,9,Healthcare,,,
acyclic.gmbh,available,58,4%,7,"Engineering,Mathematics,Science",,,
alacarte.gmbh,available,58,11%,10,Food and Beverage,,,
sixtyone.gmbh,available,58,3%,9,Mathematics,,,
accoutred.gmbh,available,58,1%,9,"Fashion,Manufacturing,Retail",,,
adjustive.gmbh,available,58,1%,9,"Manufacturing,Retail,Technology",,,
niner.gmbh,available,58,5%,5,Mathematics,,,
lxxviii.gmbh,available,58,1%,7,Mathematics,,,
abandoned.gmbh,available,58,10%,9,"Construction,Real Estate",,,
octad.gmbh,available,58,5%,5,Mathematics,,,
centesimal.gmbh,available,58,1%,10,Mathematics,,,
justabout.gmbh,available,58,3%,10,"Business,Media,Technology",,,
fourth.gmbh,available,58,13%,6,Mathematics,,,
tetrad.gmbh,available,58,5%,6,Mathematics,,,
abridged.gmbh,available,58,4%,8,Media,,,
linear.gmbh,available,58,22%,6,"Engineering,Mathematics,Science",,,
pentad.gmbh,available,58,2%,6,Mathematics,,,
fiftyfour.gmbh,available,56,3%,10,Mathematics,,,
fortysix.gmbh,available,56,3%,9,Mathematics,,,
xlvii.gmbh,available,56,2%,5,Mathematics,,,
lviii.gmbh,available,56,1%,5,Mathematics,,,
xxxvii.gmbh,available,56,2%,6,Mathematics,,,
xxxi.gmbh,available,56,9%,4,Mathematics,,,
xxix.gmbh,available,56,4%,4,Mathematics,,,
abdominous.gmbh,available,56,0%,10,"Health and Fitness,Medicine",,,
abeyant.gmbh,available,56,1%,7,"Business,Law",,,
thirtytwo.gmbh,available,56,5%,10,Mathematics,,,
xxiv.gmbh,available,56,5%,4,Mathematics,,,
halfdozen.gmbh,available,56,1%,10,Mathematics,,,
liii.gmbh,available,56,4%,4,Mathematics,,,
fiftyone.gmbh,available,56,7%,9,Mathematics,,,
fiftynine.gmbh,available,56,4%,10,Mathematics,,,
xliv.gmbh,available,56,2%,4,Mathematics,,,
xxiii.gmbh,available,56,5%,5,Mathematics,,,
xlvi.gmbh,available,56,3%,4,Mathematics,,,
lvii.gmbh,available,56,1%,4,Mathematics,,,
thirtyone.gmbh,available,56,5%,10,Mathematics,,,
xxxiv.gmbh,available,56,1%,5,Mathematics,,,
addled.gmbh,available,56,2%,6,Entertainment,,,
fiftysix.gmbh,available,56,4%,9,Mathematics,,,
triad.gmbh,available,56,15%,5,Arts,,,
xlii.gmbh,available,56,5%,4,Mathematics,,,
fiftytwo.gmbh,available,56,6%,9,Mathematics,,,
aone.gmbh,available,56,15%,5,Food and Beverage,,,
appressed.gmbh,available,56,0%,9,"Agriculture,Manufacturing,Retail",,,
admissive.gmbh,available,56,1%,9,"Education,Healthcare,Hospitality",,,
xxxiii.gmbh,available,56,2%,6,Mathematics,,,
ilx.gmbh,available,56,5%,3,Mathematics,,,
xxxv.gmbh,available,56,4%,4,Mathematics,,,
admittible.gmbh,available,56,1%,10,"Education,Healthcare,Hospitality",,,
xli.gmbh,available,56,5%,3,Mathematics,,,
admittable.gmbh,available,56,1%,10,"Education,Healthcare,Hospitality",,,
xlviii.gmbh,available,56,1%,6,Mathematics,,,
xxxviii.gmbh,available,56,1%,7,Mathematics,,,
fiftyfive.gmbh,available,56,7%,10,Mathematics,,,
maledict.gmbh,available,56,1%,8,Religion,,,
xliii.gmbh,available,56,1%,5,Mathematics,,,
xxxii.gmbh,available,56,1%,5,Mathematics,,,
terzetto.gmbh,available,56,3%,8,Arts,,,
xlv.gmbh,available,56,6%,3,Mathematics,,,
potbellied.gmbh,available,56,0%,10,"Health and Fitness,Medicine",,,
lvi.gmbh,available,56,8%,3,Mathematics,,,
fortynine.gmbh,available,56,3%,10,Mathematics,,,
xxxvi.gmbh,available,56,1%,5,Mathematics,,,
accoutered.gmbh,available,56,0%,10,"Fashion,Manufacturing,Retail",,,
thirtysix.gmbh,available,56,5%,10,Mathematics,,,
xxviii.gmbh,available,56,1%,6,Mathematics,,,
lii.gmbh,available,56,7%,3,Mathematics,,,
fortyone.gmbh,available,56,4%,9,Mathematics,,,
xxvii.gmbh,available,56,3%,5,Mathematics,,,
abasic.gmbh,available,54,1%,6,Science,,,
abatic.gmbh,available,54,1%,6,Science,,,
actuated.gmbh,available,54,2%,8,"Automotive,Manufacturing,Technology",,,
adpressed.gmbh,available,54,0%,9,"Agriculture,Manufacturing,Retail",,,
monitory.gmbh,available,54,3%,8,"Business,Education,Healthcare",,,
twoscore.gmbh,available,54,2%,8,Mathematics,,,
aboral.gmbh,available,54,2%,6,Science,,,
deserted.gmbh,available,54,3%,8,"Hospitality,Real Estate",,,
unnatural.gmbh,available,54,4%,9,"Medicine,Science",,,
ternion.gmbh,available,54,3%,7,Mathematics,,,
accentual.gmbh,available,54,3%,9,"Arts,Entertainment",,,
adjuratory.gmbh,available,54,0%,10,"Law,Politics,Religion",,,
quintuplet.gmbh,available,54,1%,10,"Healthcare,Medicine,Science",,,
admonitory.gmbh,available,54,0%,10,"Business,Education,Healthcare",,,
sise.gmbh,available,54,5%,4,Mathematics,,,
scratchy.gmbh,available,54,3%,8,Fashion,,,
viii.gmbh,available,54,6%,4,Mathematics,,,
quaternity.gmbh,available,54,4%,10,Mathematics,,,
deuceace.gmbh,available,54,2%,9,Sports,,,
accursed.gmbh,available,54,3%,8,"Entertainment,Media,Religion",,,
abatable.gmbh,available,54,1%,8,Law,,,
abhorrent.gmbh,available,54,1%,9,Humanities,,,
topnotch.gmbh,available,54,18%,8,Business,,,
abaxial.gmbh,available,54,1%,7,Science,,,
abducens.gmbh,available,54,1%,8,Medicine,,,
iii.gmbh,available,54,24%,3,Mathematics,,,
threescore.gmbh,available,54,1%,10,Mathematics,,,
quadruplet.gmbh,available,54,1%,10,"Healthcare,Medicine,Science",,,
adducting.gmbh,available,54,1%,9,"Engineering,Mathematics,Science",,,
quatern.gmbh,available,54,2%,7,Mathematics,,,
achromatic.gmbh,available,54,4%,10,Science,,,
fortyfive.gmbh,available,54,4%,10,Mathematics,,,
abient.gmbh,available,54,1%,6,Science,,,
adducent.gmbh,available,54,1%,8,"Engineering,Mathematics,Science",,,
adductive.gmbh,available,54,0%,9,"Engineering,Mathematics,Science",,,
fin.gmbh,available,54,30%,3,Finance,,,
adaxial.gmbh,available,54,2%,7,Science,,,
achy.gmbh,available,54,3%,4,Healthcare,,,
vii.gmbh,available,54,13%,3,Mathematics,,,
quaternion.gmbh,available,54,6%,10,Mathematics,,,
acoustical.gmbh,available,54,4%,10,Science,,,
xxx.gmbh,resell,53,30%,3,"Arts,Entertainment,Media",01/07/2016 11:15,01/07/2026 11:15,GoDaddy Online Services Cayman Islands Ltd.
sestet.gmbh,available,53,1%,6,Arts,,,
septet.gmbh,available,53,1%,6,General,,,
sixtysix.gmbh,available,52,4%,9,Mathematics,,,
sixtyfour.gmbh,available,52,3%,10,Mathematics,,,
tierce.gmbh,available,52,3%,6,General,,,
lxvi.gmbh,available,52,3%,4,Mathematics,,,
xcvi.gmbh,available,52,2%,4,Mathematics,,,
lxxi.gmbh,available,52,1%,4,Mathematics,,,
lxxxii.gmbh,available,52,1%,6,Mathematics,,,
lxxxiii.gmbh,available,52,1%,7,Mathematics,,,
repulsive.gmbh,available,52,1%,9,Humanities,,,
aboulic.gmbh,available,52,1%,7,Medicine,,,
lxxv.gmbh,available,52,1%,4,Mathematics,,,
ninetytwo.gmbh,available,52,4%,10,Mathematics,,,
xci.gmbh,available,52,4%,3,Mathematics,,,
lxxiv.gmbh,available,52,1%,5,Mathematics,,,
xcviii.gmbh,available,52,1%,6,Mathematics,,,
ablated.gmbh,available,52,1%,7,Science,,,
abstruse.gmbh,available,52,5%,8,"Humanities,Mathematics,Science",,,
sixtytwo.gmbh,available,52,3%,9,Mathematics,,,
lxviii.gmbh,available,52,1%,6,Mathematics,,,
lxxii.gmbh,available,52,1%,5,Mathematics,,,
eightytwo.gmbh,available,52,4%,10,Mathematics,,,
eightyone.gmbh,available,52,3%,10,Mathematics,,,
ninetyone.gmbh,available,52,5%,10,Mathematics,,,
xcii.gmbh,available,52,2%,4,Mathematics,,,
lxiii.gmbh,available,52,2%,5,Mathematics,,,
lxvii.gmbh,available,52,1%,5,Mathematics,,,
lxxxi.gmbh,available,52,1%,5,Mathematics,,,
lxxvi.gmbh,available,52,1%,5,Mathematics,,,
lxxxvii.gmbh,available,52,1%,7,Mathematics,,,
sixtyfive.gmbh,available,52,3%,10,Mathematics,,,
ixc.gmbh,available,52,5%,3,Mathematics,,,
xcv.gmbh,available,52,7%,3,Mathematics,,,
adenoidal.gmbh,available,52,1%,9,"Health and Fitness,Medicine,Science",,,
lxv.gmbh,available,52,5%,3,Mathematics,,,
repugnant.gmbh,available,52,1%,9,Humanities,,,
lxxxiv.gmbh,available,52,1%,6,Mathematics,,,
abusive.gmbh,available,52,3%,7,"Healthcare,Law",,,
lxiv.gmbh,available,52,3%,4,Mathematics,,,
lxii.gmbh,available,52,1%,4,Mathematics,,,
ixl.gmbh,available,52,9%,3,Mathematics,,,
decumbent.gmbh,available,52,1%,9,"Healthcare,Medicine,Science",,,
lxxxv.gmbh,available,52,1%,5,Mathematics,,,
lxxxvi.gmbh,available,52,1%,6,Mathematics,,,
xciv.gmbh,available,52,2%,4,Mathematics,,,
lxxiii.gmbh,available,52,1%,6,Mathematics,,,
detestable.gmbh,available,52,1%,10,Humanities,,,
xciii.gmbh,available,52,1%,5,Mathematics,,,
abominable.gmbh,available,52,2%,10,"Entertainment,Humanities",,,
abysmal.gmbh,available,52,4%,7,"Arts,Entertainment,Media",,,
lxi.gmbh,available,52,5%,3,Mathematics,,,
chagrined.gmbh,available,52,1%,9,Humanities,,,
xcvii.gmbh,available,52,1%,5,Mathematics,,,
ninetysix.gmbh,available,52,4%,10,Mathematics,,,
lxxvii.gmbh,available,52,2%,6,Mathematics,,,
odious.gmbh,available,52,2%,6,"Entertainment,Humanities",,,
littlejoe.gmbh,available,52,2%,10,"Entertainment,Media",,,
abdicable.gmbh,available,50,0%,9,Law,,,
lxx.gmbh,available,50,5%,3,Mathematics,,,
acerb.gmbh,available,50,2%,5,Science,,,
ogdoad.gmbh,available,50,1%,6,Mathematics,,,
acerose.gmbh,available,50,1%,7,Science,,,
adactylous.gmbh,available,50,0%,10,Science,,,
aborticide.gmbh,available,50,0%,10,Medicine,,,
acaudal.gmbh,available,50,1%,7,"Agriculture,Science",,,
needlelike.gmbh,available,50,0%,10,"Engineering,Medicine,Science",,,
acetose.gmbh,available,50,1%,7,Science,,,
acapnic.gmbh,available,50,0%,7,"Healthcare,Medicine,Science",,,
abranchial.gmbh,available,50,0%,10,Science,,,
abomasal.gmbh,available,50,0%,8,Agriculture,,,
gillless.gmbh,available,50,0%,9,Science,,,
acetous.gmbh,available,50,1%,7,Science,,,
cinque.gmbh,available,50,7%,6,Mathematics,,,
abbatial.gmbh,available,50,0%,8,Religion,,,
abactinal.gmbh,available,50,0%,9,Science,,,
adhominem.gmbh,available,50,2%,10,"Humanities,Law,Politics",,,
acellular.gmbh,available,50,1%,9,Science,,,
abducting.gmbh,available,50,0%,9,Medicine,,,
broached.gmbh,available,50,0%,8,Food and Beverage,,,
spinous.gmbh,available,50,1%,7,"Agriculture,Science",,,
vinegary.gmbh,available,50,1%,8,Food and Beverage,,,
acerbic.gmbh,available,50,2%,7,"Arts,Humanities,Media",,,
aculeated.gmbh,available,50,0%,9,"Engineering,Medicine,Science",,,
acquitted.gmbh,available,50,1%,9,Law,,,
trine.gmbh,available,50,11%,5,"General,Religion",,,
scummy.gmbh,available,50,1%,6,Humanities,,,
quint.gmbh,available,50,13%,5,"Arts,Entertainment",,,
acapnotic.gmbh,available,50,0%,9,"Healthcare,Medicine,Science",,,
ilxxx.gmbh,available,48,1%,5,Mathematics,,,
ilxx.gmbh,available,48,1%,4,Mathematics,,,
notguilty.gmbh,available,48,5%,10,Law,,,
execrable.gmbh,available,48,0%,9,"Entertainment,Humanities",,,
abstracted.gmbh,available,48,5%,10,"Arts,Humanities,Science",,,
lxxxviii.gmbh,available,48,1%,8,Mathematics,,,
abyssal.gmbh,available,48,12%,7,"Arts,Entertainment,Media",,,
apriori.gmbh,available,48,13%,8,Mathematics,,,
stripling.gmbh,available,46,2%,9,"Education,Entertainment,Healthcare",,,
theabsurd.gmbh,available,46,1%,10,"Arts,Entertainment,Media",,,
stemless.gmbh,available,46,2%,8,"Agriculture,Science",,,
acheronian.gmbh,available,46,1%,10,Humanities,,,
acetylenic.gmbh,available,46,1%,10,Science,,,
quaternary.gmbh,available,46,3%,10,Mathematics,,,
acapnial.gmbh,available,46,0%,8,"Healthcare,Medicine,Science",,,
acanthous.gmbh,available,46,0%,9,"Agriculture,Science",,,
acetonic.gmbh,available,46,1%,8,Science,,,
acaudate.gmbh,available,46,1%,8,"Agriculture,Science",,,
acicular.gmbh,available,46,2%,8,Science,,,
acarpelous.gmbh,available,46,0%,10,"Agriculture,Science",,,
acephalous.gmbh,available,46,1%,10,Science,,,
acetabular.gmbh,available,46,1%,10,Science,,,
acanthotic.gmbh,available,46,0%,10,"Agriculture,Science",,,
cotyloid.gmbh,available,46,1%,8,Science,,,
acetylic.gmbh,available,46,1%,8,Science,,,
vinegarish.gmbh,available,46,1%,10,Food and Beverage,,,
achromic.gmbh,available,46,2%,8,Science,,,
acanthoid.gmbh,available,46,1%,9,"Agriculture,Science",,,
achromous.gmbh,available,46,1%,9,Science,,,
achenial.gmbh,available,46,1%,8,Science,,,
acarpous.gmbh,available,46,0%,8,"Agriculture,Science",,,
accusatory.gmbh,available,44,1%,10,Law,,,
acherontic.gmbh,available,44,1%,10,Humanities,,,
cotyloidal.gmbh,available,44,1%,10,Science,,,
abscessed.gmbh,available,41,0%,9,Healthcare,,,
phoebe.gmbh,available,41,14%,6,Science,,,
accurst.gmbh,available,40,1%,7,Religion,,,
scurrilous.gmbh,available,40,1%,10,"Entertainment,Media,Politics",,,
accusive.gmbh,available,40,1%,8,Law,,,